"Entity1_id","numChemical","Ensembl.Id","Symbol"
"PA267",149,"ENSG00000085563","ABCB1"
"PA128",100,"ENSG00000100197","CYP2D6"
"PA130",93,"ENSG00000160868","CYP3A4"
"PA378",91,"ENSG00000144852","NR1I2"
"PA131",82,"ENSG00000106258","CYP3A5"
"PA126",60,"ENSG00000138109","CYP2C9"
"PA124",58,"ENSG00000165841","CYP2C19"
"PA27093",49,"ENSG00000140505","CYP1A2"
"PA134865839",47,"ENSG00000134538","SLCO1B1"
"PA28469",47,"ENSG00000160211","G6PD"
"PA390",47,"ENSG00000118777","ABCG2"
"PA125",36,"ENSG00000138115","CYP2C8"
"PA35072",36,"ENSG00000196126","HLA-DRB1"
"PA123",33,"ENSG00000197408","CYP2B6"
"PA117",30,"ENSG00000093010","COMT"
"PA420",28,"ENSG00000241635","UGT1A1"
"PA116",27,"ENSG00000023839","ABCC2"
"PA254",26,"ENSG00000164867","NOS3"
"PA35056",26,"ENSG00000234745","HLA-B"
"PA245",25,"ENSG00000177000","MTHFR"
"PA156",24,"ENSG00000091831","ESR1"
"PA35844",23,"ENSG00000111700,ENSG00000257046","SLCO1B3"
"PA139",22,"ENSG00000159640","ACE"
"PA419",22,"ENSG00000241119","UGT1A9"
"PA7360",22,"ENSG00000146648","EGFR"
"PA37301",21,"ENSG00000111424","VDR"
"PA27114",20,"","CYP3A"
"PA27478",20,"ENSG00000149295","DRD2"
"PA361",20,"ENSG00000171234","UGT2B7"
"PA27886",19,"ENSG00000140009","ESR2"
"PA37178",19,"ENSG00000243135","UGT1A3"
"PA121",18,"ENSG00000198077,ENSG00000255974","CYP2A6"
"PA134952671",18,"ENSG00000197110","IFNL3"
"PA176",18,"ENSG00000111664","GNB3"
"PA18",18,"ENSG00000156006","NAT2"
"PA293",18,"ENSG00000073756","PTGS2"
"PA134956204",17,"ENSG00000176912","C18orf56"
"PA182",17,"ENSG00000134184","GSTM1"
"PA397",17,"ENSG00000125257","ABCC4"
"PA266",16,"ENSG00000082175","PGR"
"PA27844",16,"ENSG00000141736","ERBB2"
"PA31945",16,"ENSG00000112038","OPRM1"
"PA327",16,"ENSG00000173638","SLC19A1"
"PA35055",16,"ENSG00000206503","HLA-A"
"PA359",16,"ENSG00000176890","TYMS"
"PA129",15,"ENSG00000130649","CYP2E1"
"PA27091",15,"ENSG00000137869","CYP19A1"
"PA36017",15,"ENSG00000112096","SOD2"
"PA166049147",14,"","IFNL4"
"PA27092",14,"ENSG00000140465","CYP1A1"
"PA329",14,"ENSG00000175003","SLC22A1"
"PA35057",14,"ENSG00000204525","HLA-C"
"PA28586",13,"ENSG00000107485","GATA3"
"PA29808",13,"ENSG00000125538","IL1B"
"PA30086",13,"ENSG00000128052","KDR"
"PA31891",13,"ENSG00000176697","BDNF"
"PA34896",13,"ENSG00000196218","RYR1"
"PA35068",13,"ENSG00000179344","HLA-DQB1"
"PA37181",13,"ENSG00000167165","UGT1A6"
"PA37302",13,"ENSG00000112715","VEGFA"
"PA39",13,"ENSG00000169252","ADRB2"
"PA85",13,"ENSG00000081248","CACNA1S"
"PA244",12,"ENSG00000103222","ABCC1"
"PA27112",12,"ENSG00000134716","CYP2J2"
"PA37179",12,"ENSG00000244474","UGT1A4"
"PA37183",12,"ENSG00000242366","UGT1A8"
"PA134884097",11,"ENSG00000029725","RABEP1"
"PA145148084",11,"ENSG00000178188","SH2B1"
"PA192",11,"ENSG00000178394","HTR1A"
"PA24413",11,"ENSG00000097007","ABL1"
"PA25321",11,"ENSG00000186716","BCR"
"PA29028",11,"ENSG00000084207","GSTP1"
"PA312",11,"ENSG00000108576","SLC6A4"
"PA35",11,"ENSG00000150594","ADRA2A"
"PA37174",11,"ENSG00000242515","UGT1A10"
"PA435",11,"ENSG00000204490,ENSG00000206439,ENSG00000223952,ENSG00000228321,ENSG00000228849,ENSG00000230108,ENSG00000232810","TNF"
"PA142671259",10,"ENSG00000198929,ENSG00000251671","NOS1AP"
"PA165585763",10,"","LINC00251"
"PA198",10,"ENSG00000136244","IL6"
"PA212",10,"ENSG00000055118","KCNH2"
"PA25384",10,"ENSG00000101144","BMP7"
"PA25408",10,"ENSG00000157764","BRAF"
"PA25724",10,"ENSG00000101134","DOK5"
"PA37182",10,"ENSG00000244122","UGT1A7"
"PA376",10,"ENSG00000108846","ABCC3"
"PA43",10,"ENSG00000144891","AGTR1"
"PA136",9,"ENSG00000123454","DBH"
"PA154",9,"ENSG00000112759","SLC29A1"
"PA193",9,"ENSG00000102468","HTR2A"
"PA227",9,"ENSG00000130164","LDLR"
"PA27955",9,"ENSG00000117480","FAAH"
"PA29561",9,"ENSG00000148680","HTR7"
"PA30676",9,"ENSG00000166603","MC4R"
"PA31768",9,"ENSG00000213281","NRAS"
"PA37",9,"ENSG00000184160","ADRA2C"
"PA37404",9,"ENSG00000158125","XDH"
"PA42",9,"ENSG00000135744","AGT"
"PA83",9,"ENSG00000151067","CACNA1C"
"PA107",8,"ENSG00000198848","CES1"
"PA109",8,"ENSG00000001626","CFTR"
"PA134872551",8,"ENSG00000170209","ANKK1"
"PA142671588",8,"ENSG00000104892","KLC3"
"PA159",8,"ENSG00000198734","F5"
"PA165696875",8,"","MIR4268"
"PA165751627",8,"","MIR3117"
"PA25090",8,"ENSG00000169136","ATF5"
"PA27075",8,"ENSG00000051523","CYBA"
"PA27479",8,"ENSG00000151577","DRD3"
"PA28065",8,"ENSG00000203747","FCGR3A"
"PA28162",8,"ENSG00000096060","FKBP5"
"PA29549",8,"ENSG00000135312","HTR1B"
"PA30592",8,"ENSG00000095015","MAP3K1"
"PA31272",8,"ENSG00000116984","MTR"
"PA31744",8,"ENSG00000181019","NQO1"
"PA33148",8,"ENSG00000113721","PDGFRB"
"PA34",8,"ENSG00000120907","ADRA1A"
"PA356",8,"ENSG00000137364","TPMT"
"PA35845",8,"ENSG00000137491","SLCO2B1"
"PA38",8,"ENSG00000043591","ADRB1"
"PA389",8,"ENSG00000149452","SLC22A8"
"PA395",8,"ENSG00000114770","ABCC5"
"PA55",8,"ENSG00000130203","APOE"
"PA134935907",7,"ENSG00000197619,ENSG00000256087","ZNF432"
"PA152208656",7,"ENSG00000140718","FTO"
"PA180",7,"ENSG00000198873","GRK5"
"PA24373",7,"ENSG00000165029","ABCA1"
"PA24597",7,"ENSG00000171873","ADRA1D"
"PA27006",7,"ENSG00000163599","CTLA4"
"PA27331",7,"ENSG00000100243","CYB5R3"
"PA27832",7,"ENSG00000112425","EPM2A"
"PA29802",7,"ENSG00000150782","IL18"
"PA29841",7,"ENSG00000169429","CXCL8"
"PA306",7,"ENSG00000168447","SCNN1B"
"PA33",7,"ENSG00000170214","ADRA1B"
"PA33532",7,"ENSG00000127948","POR"
"PA35066",7,"ENSG00000196735","HLA-DQA1"
"PA35602",7,"ENSG00000107562","CXCL12"
"PA36601",7,"ENSG00000141655","TNFRSF11A"
"PA36679",7,"ENSG00000141510","TP53"
"PA37180",7,"ENSG00000240224","UGT1A5"
"PA37188",7,"ENSG00000196620","UGT2B15"
"PA374",7,"ENSG00000073734","ABCB11"
"PA38592",7,"ENSG00000100344","PNPLA3"
"PA388",7,"ENSG00000197901","SLC22A6"
"PA426",7,"ENSG00000197506","SLC28A3"
"PA427",7,"ENSG00000021461","CYP3A43"
"PA134904907",6,"ENSG00000065615","CYB5R4"
"PA134979668",6,"ENSG00000159348","CYB5R1"
"PA142672060",6,"ENSG00000166394","CYB5R2"
"PA147",6,"ENSG00000184845","DRD1"
"PA166",6,"ENSG00000007933","FMO3"
"PA189",6,"ENSG00000113161","HMGCR"
"PA211",6,"ENSG00000180509","KCNE1"
"PA223",6,"ENSG00000053918","KCNQ1"
"PA24346",6,"ENSG00000095303","PTGS1"
"PA24570",6,"ENSG00000187758","ADH1A"
"PA24692",6,"ENSG00000165092","ALDH1A1"
"PA24719",6,"ENSG00000171094","ALK"
"PA25128",6,"ENSG00000124172","ATP5F1E"
"PA271",6,"ENSG00000116711","PLA2G4A"
"PA27846",6,"ENSG00000065361","ERBB3"
"PA280",6,"ENSG00000186951","PPARA"
"PA281",6,"ENSG00000132170","PPARG"
"PA28180",6,"ENSG00000102755","FLT1"
"PA28529",6,"ENSG00000069482","GAL"
"PA28725",6,"ENSG00000112164","GLP1R"
"PA28980",6,"ENSG00000150086","GRIN2B"
"PA301",6,"ENSG00000144285","SCN1A"
"PA30167",6,"ENSG00000134539","KLRD1"
"PA30196",6,"ENSG00000133703","KRAS"
"PA307",6,"ENSG00000166828","SCNN1G"
"PA31274",6,"","MT-RNR1"
"PA331",6,"ENSG00000112499","SLC22A2"
"PA33308",6,"ENSG00000121879","PIK3CA"
"PA34183",6,"ENSG00000132155","RAF1"
"PA34199",6,"ENSG00000017797","RALBP1"
"PA350",6,"ENSG00000105329","TGFB1"
"PA35081",6,"ENSG00000204592,ENSG00000225201,ENSG00000236632","HLA-E"
"PA36",6,"ENSG00000222040","ADRA2B"
"PA36394",6,"ENSG00000148737","TCF7L2"
"PA37422",6,"ENSG00000126215","XRCC3"
"PA386",6,"ENSG00000137860","SLC28A2"
"PA38657",6,"ENSG00000106415","GLCCI1"
"PA120",5,"ENSG00000132693","CRP"
"PA134915280",5,"ENSG00000120217","CD274"
"PA134947616",5,"ENSG00000128829","EIF2AK4"
"PA134971947",5,"ENSG00000169313","P2RY12"
"PA137",5,"ENSG00000156136","DCK"
"PA165394953",5,"ENSG00000180257","ZNF816"
"PA24429",5,"ENSG00000131069","ACSS2"
"PA24679",5,"ENSG00000196139","AKR1C3"
"PA24697",5,"ENSG00000108602","ALDH3A1"
"PA252",5,"ENSG00000089250","NOS1"
"PA25294",5,"ENSG00000114200","BCHE"
"PA25411",5,"ENSG00000012048","BRCA1"
"PA26121",5,"ENSG00000159228","CBR1"
"PA26122",5,"ENSG00000159231","CBR3"
"PA26840",5,"ENSG00000021826","CPS1"
"PA27013",5,"ENSG00000168036","CTNNB1"
"PA27121",5,"ENSG00000186115","CYP4F2"
"PA27512",5,"ENSG00000047579","DTNBP1"
"PA28063",5,"ENSG00000143226","FCGR2A"
"PA28130",5,"ENSG00000160867","FGFR4"
"PA28183",5,"ENSG00000037280","FLT4"
"PA28976",5,"ENSG00000149403","GRIK4"
"PA29973",5,"ENSG00000125877","ITPA"
"PA30049",5,"ENSG00000157542","KCNJ6"
"PA30128",5,"ENSG00000157404","KIT"
"PA30889",5,"ENSG00000100985","MMP9"
"PA311",5,"ENSG00000142319","SLC6A3"
"PA31111",5,"ENSG00000156738","MS4A1"
"PA31465",5,"ENSG00000100365","NCF4"
"PA31534",5,"ENSG00000049759","NEDD4L"
"PA33392",5,"ENSG00000124181","PLCG1"
"PA337",5,"ENSG00000168610","STAT3"
"PA33745",5,"ENSG00000162409","PRKAA2"
"PA33765",5,"ENSG00000171132","PRKCE"
"PA34375",5,"ENSG00000117152","RGS4"
"PA35004",5,"ENSG00000136531","SCN2A"
"PA35041",5,"ENSG00000108821","COL1A1"
"PA36249",5,"ENSG00000088002","SULT2B1"
"PA369",5,"ENSG00000073050","XRCC1"
"PA38478",5,"ENSG00000197891","SLC22A12"
"PA61",5,"ENSG00000149311","ATM"
"PA80",5,"ENSG00000168398","BDKRB2"
"PA114",4,"ENSG00000175344","CHRNA7"
"PA122",4,"ENSG00000160870","CYP3A7"
"PA128394577",4,"ENSG00000073792","IGF2BP2"
"PA134882361",4,"ENSG00000129625","REEP5"
"PA134888949",4,"ENSG00000141428","C18orf21"
"PA134920089",4,"ENSG00000158089","GALNT14"
"PA134980674",4,"ENSG00000129667","RHBDF2"
"PA142672156",4,"ENSG00000117877","CD3EAP"
"PA155",4,"ENSG00000012061","ERCC1"
"PA164722409",4,"","MIR1264"
"PA164722546",4,"","MIR1912"
"PA202",4,"ENSG00000171105","INSR"
"PA229",4,"ENSG00000116678","LEPR"
"PA24392",4,"ENSG00000124574","ABCC10"
"PA24572",4,"ENSG00000248144","ADH1C"
"PA248",4,"ENSG00000109320","NFKB1"
"PA24888",4,"ENSG00000110243","APOA5"
"PA249",4,"ENSG00000239672","NME1"
"PA250",4,"ENSG00000011052,ENSG00000243678","NME2"
"PA25302",4,"ENSG00000171791","BCL2"
"PA25412",4,"ENSG00000139618","BRCA2"
"PA26087",4,"ENSG00000164305","CASP3"
"PA261",4,"ENSG00000106366","SERPINE1"
"PA26874",4,"ENSG00000120088,ENSG00000226460","CRHR1"
"PA26947",4,"ENSG00000183117","CSMD1"
"PA26963",4,"ENSG00000173546","CSPG4"
"PA27094",4,"ENSG00000138061","CYP1B1"
"PA27829",4,"ENSG00000143819","EPHX1"
"PA27847",4,"ENSG00000178568","ERBB4"
"PA27848",4,"ENSG00000104884","ERCC2"
"PA28064",4,"ENSG00000072694","FCGR2B"
"PA28128",4,"ENSG00000066468","FGFR2"
"PA28181",4,"ENSG00000122025","FLT3"
"PA28611",4,"ENSG00000084734","GCKR"
"PA28968",4,"ENSG00000125675","GRIA3"
"PA29016",4,"ENSG00000243955","GSTA1"
"PA29263",4,"ENSG00000010704","HFE"
"PA29349",4,"ENSG00000101076","HNF4A"
"PA29777",4,"ENSG00000073009","IKBKG"
"PA29778",4,"ENSG00000136634","IL10"
"PA298",4,"ENSG00000167325","RRM1"
"PA29862",4,"ENSG00000106348","IMPDH1"
"PA30782",4,"ENSG00000071073","MGAT4A"
"PA31",4,"ENSG00000087274","ADD1"
"PA31277",4,"ENSG00000124275","MTRR"
"PA31582",4,"ENSG00000131196","NFATC1"
"PA31601",4,"ENSG00000100906","NFKBIA"
"PA31751",4,"ENSG00000025434","NR1H3"
"PA31801",4,"ENSG00000076685","NT5C2"
"PA31818",4,"ENSG00000148053","NTRK2"
"PA321",4,"ENSG00000070915","SLC12A3"
"PA323",4,"ENSG00000088386","SLC15A1"
"PA328",4,"ENSG00000084453","SLCO1A2"
"PA33147",4,"ENSG00000134853","PDGFRA"
"PA33747",4,"ENSG00000131791","PRKAB2"
"PA33759",4,"ENSG00000154229","PRKCA"
"PA33809",4,"ENSG00000184500","PROS1"
"PA33942",4,"ENSG00000171862","PTEN"
"PA34163",4,"ENSG00000128340","RAC2"
"PA344",4,"ENSG00000213599,ENSG00000213648,ENSG00000261052","SULT1A3"
"PA35026",4,"ENSG00000117601","SERPINC1"
"PA35640",4,"ENSG00000007908","SELE"
"PA35826",4,"ENSG00000106688","SLC1A1"
"PA35848",4,"ENSG00000137204","SLC22A7"
"PA36124",4,"ENSG00000153037","SRP19"
"PA36552",4,"ENSG00000136869","TLR4"
"PA36610",4,"ENSG00000028137","TNFRSF1B"
"PA377",4,"ENSG00000172831","CES2"
"PA51",4,"ENSG00000130208","APOC1"
"PA98",4,"ENSG00000158825","CDA"
"PA128747823",3,"ENSG00000139287","TPH2"
"PA134",3,"ENSG00000179142","CYP11B2"
"PA134861073",3,"ENSG00000099812","MISP"
"PA134866684",3,"ENSG00000080224","EPHA6"
"PA134885765",3,"ENSG00000184557","SOCS3"
"PA134905007",3,"ENSG00000088854","C20orf194"
"PA134915546",3,"ENSG00000164756","SLC30A8"
"PA134944221",3,"ENSG00000112378","PERP"
"PA134945356",3,"ENSG00000165959","CLMN"
"PA134952132",3,"ENSG00000163938","GNL3"
"PA134956867",3,"ENSG00000172061","LRRC15"
"PA134986407",3,"ENSG00000186104","CYP2R1"
"PA142670670",3,"ENSG00000137267","TUBB2A"
"PA142670904",3,"ENSG00000151475","SLC25A31"
"PA142671636",3,"ENSG00000164808","SPIDR"
"PA142672032",3,"","CYCSP5"
"PA142672422",3,"ENSG00000178965","ERICH3"
"PA143",3,"ENSG00000228716","DHFR"
"PA157",3,"ENSG00000180210","F2"
"PA162",3,"ENSG00000124491","F13A1"
"PA162376926",3,"ENSG00000130707","ASS1"
"PA162393424",3,"ENSG00000126214,ENSG00000256500","KLC1"
"PA162395090",3,"ENSG00000139915","MDGA2"
"PA162403808",3,"ENSG00000142494","SLC47A1"
"PA162405909",3,"ENSG00000174695","TMEM167A"
"PA163",3,"ENSG00000171564","FGB"
"PA164724093",3,"ENSG00000007171","NOS2"
"PA164726680",3,"ENSG00000120471","TP53AIP1"
"PA165",3,"ENSG00000010932","FMO1"
"PA165752124",3,"","NPPA-AS1"
"PA17",3,"ENSG00000171428","NAT1"
"PA181",3,"ENSG00000113580","NR3C1"
"PA183",3,"ENSG00000184674","GSTT1"
"PA184",3,"ENSG00000116062","MSH6"
"PA199",3,"ENSG00000169194","IL13"
"PA203",3,"ENSG00000169047","IRS1"
"PA217",3,"ENSG00000187486","KCNJ11"
"PA24408",3,"ENSG00000160179","ABCG1"
"PA24693",3,"ENSG00000128918","ALDH1A2"
"PA24842",3,"ENSG00000138356","AOX1"
"PA24933",3,"ENSG00000109321,ENSG00000205595","AREG"
"PA25370",3,"ENSG00000108578","BLMH"
"PA25804",3,"ENSG00000101255","TRIB3"
"PA25987",3,"ENSG00000074410","CA12"
"PA26161",3,"ENSG00000090061","CCNK"
"PA27097",3,"ENSG00000019186","CYP24A1"
"PA28115",3,"ENSG00000138685","FGF2"
"PA28127",3,"ENSG00000077782,ENSG00000249195","FGFR1"
"PA28129",3,"ENSG00000068078","FGFR3"
"PA28140",3,"ENSG00000189283","FHIT"
"PA28202",3,"ENSG00000125954,ENSG00000257365","FNTB"
"PA28237",3,"ENSG00000150907","FOXO1"
"PA28386",3,"ENSG00000170820","FSHR"
"PA28494",3,"ENSG00000145863","GABRA6"
"PA28503",3,"ENSG00000094755","GABRP"
"PA28953",3,"ENSG00000224586,ENSG00000226219","GPX5"
"PA28966",3,"ENSG00000155511","GRIA1"
"PA29009",3,"ENSG00000082701","GSK3B"
"PA29024",3,"ENSG00000134202","GSTM3"
"PA29226",3,"ENSG00000116478","HDAC1"
"PA29283",3,"ENSG00000100644","HIF1A"
"PA29340",3,"ENSG00000072571","HMMR"
"PA29444",3,"ENSG00000174775","HRAS"
"PA29785",3,"ENSG00000113302","IL12B"
"PA29832",3,"ENSG00000077238","IL4R"
"PA29863",3,"ENSG00000178035","IMPDH2"
"PA29938",3,"ENSG00000005961","ITGA2B"
"PA30729",3,"ENSG00000169057","MECP2"
"PA30763",3,"ENSG00000105976","MET"
"PA30812",3,"ENSG00000204516,ENSG00000231179","MICB"
"PA30886",3,"ENSG00000149968","MMP3"
"PA310",3,"ENSG00000103546","SLC6A2"
"PA31583",3,"ENSG00000101096","NFATC2"
"PA31691",3,"ENSG00000074771","NOX3"
"PA31776",3,"ENSG00000157168","NRG1"
"PA31778",3,"ENSG00000185737","NRG3"
"PA31786",3,"ENSG00000179915","NRXN1"
"PA31799",3,"ENSG00000116981","NT5C1A"
"PA318",3,"ENSG00000125255","SLC10A2"
"PA31875",3,"ENSG00000089127","OAS1"
"PA31943",3,"ENSG00000082556","OPRK1"
"PA32840",3,"ENSG00000036473","OTC"
"PA330",3,"ENSG00000146477","SLC22A3"
"PA33313",3,"ENSG00000105647","PIK3R2"
"PA33545",3,"ENSG00000204531,ENSG00000206454,ENSG00000229094,ENSG00000230336,ENSG00000233911,ENSG00000235068,ENSG00000237582","POU5F1"
"PA33676",3,"ENSG00000112640","PPP2R5D"
"PA33714",3,"ENSG00000142611","PRDM16"
"PA33799",3,"ENSG00000115718","PROC"
"PA33919",3,"ENSG00000204540,ENSG00000231094,ENSG00000233439,ENSG00000235487","PSORS1C1"
"PA33921",3,"","PSORS1C3"
"PA33995",3,"ENSG00000134242,ENSG00000248536","PTPN22"
"PA34068",3,"ENSG00000100504","PYGL"
"PA341",3,"ENSG00000197165","SULT1A2"
"PA34195",3,"ENSG00000104881","PPP1R13L"
"PA34299",3,"ENSG00000100387","RBX1"
"PA34335",3,"ENSG00000165731","RET"
"PA34376",3,"ENSG00000143248","RGS5"
"PA34445",3,"ENSG00000112130","RNF8"
"PA34633",3,"ENSG00000047936","ROS1"
"PA35071",3,"ENSG00000204287,ENSG00000227993","HLA-DRA"
"PA35076",3,"ENSG00000198502","HLA-DRB5"
"PA351",3,"ENSG00000180176","TH"
"PA35753",3,"ENSG00000176974","SHMT1"
"PA36067",3,"ENSG00000197912","SPG7"
"PA36236",3,"ENSG00000103496","STX4"
"PA37304",3,"ENSG00000150630","VEGFC"
"PA38055",3,"ENSG00000101158","NELFCD"
"PA38100",3,"ENSG00000101162","TUBB1"
"PA38274",3,"ENSG00000130204","TOMM40"
"PA38453",3,"ENSG00000173198","CYSLTR1"
"PA387",3,"ENSG00000156222","SLC28A1"
"PA391",3,"ENSG00000143257","NR1I3"
"PA396",3,"ENSG00000069431","ABCC9"
"PA429",3,"ENSG00000171560","FGA"
"PA430",3,"ENSG00000171557","FGG"
"PA432",3,"ENSG00000137563","GGH"
"PA50",3,"ENSG00000084674","APOB"
"PA72",3,"ENSG00000165240","ATP7A"
"PA73",3,"ENSG00000123191","ATP7B"
"PA75",3,"ENSG00000110092","CCND1"
"PA108",2,"ENSG00000087237","CETP"
"PA113",2,"ENSG00000080644","CHRNA3"
"PA128394594",2,"ENSG00000213809","KLRK1"
"PA130413151",2,"ENSG00000108691","CCL2"
"PA134863598",2,"ENSG00000184735","DDX53"
"PA134865095",2,"ENSG00000067560","RHOA"
"PA134871999",2,"ENSG00000145996","CDKAL1"
"PA134879149",2,"ENSG00000092096","SLC22A17"
"PA134881141",2,"ENSG00000146383","TAAR6"
"PA134887081",2,"ENSG00000160963","COL26A1"
"PA134889062",2,"ENSG00000181804","SLC9A9"
"PA134892408",2,"ENSG00000173930","SLCO4C1"
"PA134903108",2,"ENSG00000164465","DCBLD1"
"PA134903681",2,"ENSG00000102935","ZNF423"
"PA134906523",2,"","CES1P1"
"PA134907262",2,"ENSG00000183354","KIAA2026"
"PA134908144",2,"ENSG00000147894","C9orf72"
"PA134911502",2,"ENSG00000004809","SLC22A16"
"PA134912826",2,"ENSG00000152527","PLEKHH2"
"PA134916697",2,"ENSG00000135002,ENSG00000250683","RFK"
"PA134917440",2,"ENSG00000178567","EPM2AIP1"
"PA134924114",2,"ENSG00000197818","SLC9A8"
"PA134924986",2,"ENSG00000182346","DAOA"
"PA134931380",2,"ENSG00000176438","SYNE3"
"PA134935109",2,"ENSG00000162594","IL23R"
"PA134936640",2,"ENSG00000132744","ACY3"
"PA134943193",2,"ENSG00000150347","ARID5B"
"PA134949852",2,"ENSG00000205359","SLCO6A1"
"PA134950929",2,"ENSG00000110328","GALNT18"
"PA134953249",2,"","BDNF-AS"
"PA134964409",2,"ENSG00000183347","GBP6"
"PA134968729",2,"ENSG00000161653","NAGS"
"PA134971144",2,"ENSG00000083223","TUT7"
"PA142670495",2,"ENSG00000143067","ZNF697"
"PA142670525",2,"ENSG00000165061","ZMAT4"
"PA142670856",2,"ENSG00000213599,ENSG00000213648","SULT1A4"
"PA142671748",2,"ENSG00000165219","GAPVD1"
"PA142672636",2,"ENSG00000186094","AGBL4"
"PA145",2,"ENSG00000188641","DPYD"
"PA145007789",2,"","SNORD68"
"PA145008433",2,"ENSG00000144401","METTL21A"
"PA145148868",2,"ENSG00000124279","FASTKD3"
"PA162384080",2,"ENSG00000111817","DSE"
"PA162387677",2,"ENSG00000111913","RIPOR2"
"PA162391083",2,"ENSG00000108753","HNF1B"
"PA162396840",2,"ENSG00000102452","NALCN"
"PA162398721",2,"ENSG00000116117","PARD3B"
"PA162399233",2,"ENSG00000187800","PEAR1"
"PA162402461",2,"ENSG00000114650","SCAP"
"PA162405070",2,"ENSG00000198075","SULT1C4"
"PA164717628",2,"ENSG00000204397","CARD16"
"PA164719488",2,"ENSG00000188107","EYS"
"PA164741534",2,"ENSG00000094963","FMO2"
"PA165750325",2,"ENSG00000162433","AK4"
"PA190",2,"ENSG00000150540","HNMT"
"PA194",2,"ENSG00000147246","HTR2C"
"PA195",2,"ENSG00000109471","IL2"
"PA205",2,"ENSG00000056345,ENSG00000259753","ITGB3"
"PA228",2,"ENSG00000174697","LEP"
"PA230",2,"ENSG00000166035","LIPC"
"PA232",2,"ENSG00000175445","LPL"
"PA235",2,"ENSG00000213316","LTC4S"
"PA24415",2,"","ABO"
"PA24536",2,"ENSG00000154734","ADAMTS1"
"PA24561",2,"ENSG00000078295","ADCY2"
"PA24571",2,"ENSG00000196616","ADH1B"
"PA24577",2,"ENSG00000196344","ADH7"
"PA24579",2,"ENSG00000156110","ADK"
"PA24584",2,"ENSG00000100014,ENSG00000128271","ADORA2A"
"PA24598",2,"ENSG00000188778","ADRB3"
"PA24641",2,"ENSG00000106546","AHR"
"PA24656",2,"ENSG00000004455","AK2"
"PA24682",2,"ENSG00000053371","AKR7A2"
"PA24702",2,"ENSG00000112294","ALDH5A1"
"PA24757",2,"ENSG00000242110","AMACR"
"PA24776",2,"ENSG00000116748","AMPD1"
"PA24947",2,"ENSG00000118520","ARG1"
"PA25094",2,"ENSG00000138363","ATIC"
"PA25097",2,"ENSG00000206190","ATP10A"
"PA25107",2,"ENSG00000070961","ATP2B1"
"PA25224",2,"ENSG00000117411","B4GALT2"
"PA25305",2,"ENSG00000153094","BCL2L11"
"PA25442",2,"ENSG00000174808","BTC"
"PA256",2,"ENSG00000175206","NPPA"
"PA25814",2,"ENSG00000185917","SETD4"
"PA25942",2,"ENSG00000175600","SUGCT"
"PA25985",2,"ENSG00000154975","CA10"
"PA26007",2,"ENSG00000141837","CACNA1A"
"PA26008",2,"ENSG00000148408","CACNA1B"
"PA26009",2,"ENSG00000198216","CACNA1E"
"PA26010",2,"ENSG00000102001","CACNA1F"
"PA26013",2,"ENSG00000157445","CACNA2D3"
"PA26014",2,"ENSG00000182389","CACNB4"
"PA26058",2,"ENSG00000142330","CAPN10"
"PA26074",2,"ENSG00000167207","NOD2"
"PA26083",2,"ENSG00000137752","CASP1"
"PA26094",2,"ENSG00000132906","CASP9"
"PA26123",2,"ENSG00000160200","CBS"
"PA26143",2,"ENSG00000110148","CCKBR"
"PA26170",2,"ENSG00000160791","CCR5"
"PA26180",2,"ENSG00000163468","CCT3"
"PA26188",2,"ENSG00000170458","CD14"
"PA26227",2,"ENSG00000116815","CD58"
"PA26276",2,"ENSG00000111665","CDCA3"
"PA26287",2,"ENSG00000140945","CDH13"
"PA26448",2,"ENSG00000070748","CHAT"
"PA26503",2,"ENSG00000122863","CHST3"
"PA26510",2,"ENSG00000213341","CHUK"
"PA26551",2,"ENSG00000011021","CLCN6"
"PA268",2,"ENSG00000005471","ABCB4"
"PA26864",2,"ENSG00000118260","CREB1"
"PA26904",2,"ENSG00000008405","CRY1"
"PA27090",2,"ENSG00000148795","CYP17A1"
"PA27099",2,"ENSG00000111012","CYP27B1"
"PA27101",2,"ENSG00000197838","CYP2A13"
"PA27119",2,"ENSG00000142973","CYP4B1"
"PA27360",2,"ENSG00000151208","DLG5"
"PA27433",2,"ENSG00000187240","DYNC2H1"
"PA27491",2,"ENSG00000171587","DSCAM"
"PA27513",2,"ENSG00000113070","HBEGF"
"PA27535",2,"","DUX1"
"PA27614",2,"ENSG00000078401","EDN1"
"PA27720",2,"ENSG00000135930","EIF4E2"
"PA27810",2,"ENSG00000159023","EPB41"
"PA27903",2,"ENSG00000157557","ETS2"
"PA27923",2,"ENSG00000174371","EXO1"
"PA28058",2,"ENSG00000104921","FCER2"
"PA28075",2,"ENSG00000160752","FDPS"
"PA28205",2,"ENSG00000086205","FOLH1"
"PA28393",2,"ENSG00000144908","ALDH1L1"
"PA28576",2,"ENSG00000159131","GART"
"PA28587",2,"ENSG00000136574","GATA4"
"PA28601",2,"ENSG00000145321","GC"
"PA28606",2,"ENSG00000115263","GCG"
"PA28716",2,"ENSG00000178445","GLDC"
"PA28794",2,"ENSG00000124713","GNMT"
"PA288",2,"ENSG00000050628","PTGER3"
"PA289",2,"ENSG00000171522","PTGER4"
"PA28927",2,"ENSG00000123901","GPR83"
"PA28941",2,"ENSG00000125388","GRK4"
"PA28951",2,"ENSG00000211445","GPX3"
"PA28992",2,"ENSG00000198822","GRM3"
"PA29014",2,"ENSG00000104687","GSR"
"PA29017",2,"ENSG00000244067","GSTA2"
"PA29338",2,"ENSG00000134240","HMGCS2"
"PA29537",2,"ENSG00000142798","HSPG2"
"PA29555",2,"ENSG00000166736","HTR3A"
"PA29630",2,"ENSG00000138413","IDH1"
"PA29631",2,"ENSG00000182054","IDH2"
"PA29648",2,"ENSG00000185745","IFIT1"
"PA297",2,"ENSG00000143839","REN"
"PA29705",2,"ENSG00000146674","IGFBP3"
"PA29781",2,"ENSG00000095752","IL11"
"PA29784",2,"ENSG00000168811","IL12A"
"PA29794",2,"ENSG00000112115","IL17A"
"PA29816",2,"ENSG00000136689","IL1RN"
"PA29821",2,"ENSG00000103522","IL21R"
"PA29843",2,"ENSG00000180871","CXCR2"
"PA299",2,"ENSG00000171848","RRM2"
"PA29920",2,"ENSG00000117595","IRF6"
"PA29985",2,"ENSG00000163207","IVL"
"PA30",2,"ENSG00000162104","ADCY9"
"PA30077",2,"ENSG00000185760","KCNQ5"
"PA30130",2,"ENSG00000133116","KL"
"PA30432",2,"ENSG00000198670","LPA"
"PA30474",2,"ENSG00000226979,ENSG00000230279,ENSG00000231408","LTA"
"PA305",2,"ENSG00000111319","SCNN1A"
"PA30612",2,"ENSG00000071054","MAP4K4"
"PA30616",2,"ENSG00000100030","MAPK1"
"PA30719",2,"ENSG00000198625","MDM4"
"PA30852",2,"ENSG00000171843","MLLT3"
"PA30877",2,"ENSG00000087245","MMP2"
"PA31133",2,"ENSG00000095002","MSH2"
"PA31198",2,"ENSG00000205362","MT1A"
"PA31236",2,"ENSG00000100714","MTHFD1"
"PA31328",2,"ENSG00000132781","MUTYH"
"PA31454",2,"ENSG00000172915","NBEA"
"PA31588",2,"ENSG00000116044","NFE2L2"
"PA31699",2,"ENSG00000015520","NPC1L1"
"PA31712",2,"ENSG00000181163","NPM1"
"PA31777",2,"ENSG00000158458","NRG2"
"PA31798",2,"ENSG00000125458","NT5C"
"PA31802",2,"ENSG00000122643","NT5C3A"
"PA31817",2,"ENSG00000198400","NTRK1"
"PA31879",2,"ENSG00000135114","OASL"
"PA31942",2,"ENSG00000116329","OPRD1"
"PA32273",2,"ENSG00000166884","OR4D6"
"PA333",2,"ENSG00000197375","SLC22A5"
"PA33312",2,"ENSG00000145675","PIK3R1"
"PA33320",2,"ENSG00000127445","PIN1"
"PA33384",2,"ENSG00000182621","PLCB1"
"PA33439",2,"ENSG00000140464","PML"
"PA33500",2,"ENSG00000140521","POLG"
"PA33529",2,"ENSG00000005421","PON1"
"PA33557",2,"ENSG00000112033","PPARD"
"PA33559",2,"ENSG00000128059","PPAT"
"PA33761",2,"ENSG00000166501","PRKCB"
"PA34013",2,"ENSG00000153707","PTPRD"
"PA34225",2,"ENSG00000131759","RARA"
"PA34227",2,"ENSG00000172819","RARG"
"PA34337",2,"ENSG00000009413","REV3L"
"PA34372",2,"ENSG00000116741","RGS2"
"PA346",2,"ENSG00000105398","SULT2A1"
"PA34670",2,"ENSG00000167526","RPL13"
"PA34866",2,"ENSG00000048392","RRM2B"
"PA34890",2,"ENSG00000186350","RXRA"
"PA35000",2,"ENSG00000185313","SCN10A"
"PA35006",2,"ENSG00000007314","SCN4A"
"PA35033",2,"ENSG00000170099","SERPINA6"
"PA35042",2,"ENSG00000164692","COL1A2"
"PA35064",2,"ENSG00000223865,ENSG00000226826,ENSG00000237710","HLA-DPB1"
"PA35074",2,"ENSG00000231679","HLA-DRB3"
"PA35083",2,"ENSG00000204632,ENSG00000206506,ENSG00000230413,ENSG00000233095,ENSG00000235346,ENSG00000235680,ENSG00000237216","HLA-G"
"PA353",2,"ENSG00000198900","TOP1"
"PA354",2,"ENSG00000131747","TOP2A"
"PA35491",2,"ENSG00000117632","STMN1"
"PA355",2,"ENSG00000129167","TPH1"
"PA35568",2,"ENSG00000169245","CXCL10"
"PA35811",2,"ENSG00000132874","SLC14A2"
"PA35812",2,"ENSG00000163406","SLC15A2"
"PA35938",2,"ENSG00000187122","SLIT1"
"PA36085",2,"ENSG00000118785","SPP1"
"PA36144",2,"ENSG00000136754","ABI1"
"PA36185",2,"ENSG00000138378","STAT4"
"PA363",2,"ENSG00000114491","UMPS"
"PA36342",2,"ENSG00000065882","TBC1D1"
"PA36362",2,"ENSG00000073861","TBX21"
"PA36380",2,"ENSG00000135100","HNF1A"
"PA36400",2,"ENSG00000100721","TCL1A"
"PA36480",2,"ENSG00000163235","TGFA"
"PA36550",2,"ENSG00000137462","TLR2"
"PA36551",2,"ENSG00000164342","TLR3"
"PA36553",2,"ENSG00000187554","TLR5"
"PA36593",2,"ENSG00000118503","TNFAIP3"
"PA36602",2,"ENSG00000164761","TNFRSF11B"
"PA37050",2,"ENSG00000189241","TSPYL1"
"PA37134",2,"ENSG00000103275","UBE2I"
"PA37173",2,"ENSG00000167165","UGT1A"
"PA372",2,"ENSG00000002822","MAD1L1"
"PA37253",2,"ENSG00000111667","USP5"
"PA37303",2,"ENSG00000173511","VEGFB"
"PA37425",2,"ENSG00000079246","XRCC5"
"PA37815",2,"ENSG00000139155","SLCO1C1"
"PA37885",2,"ENSG00000112053","SLC26A8"
"PA37886",2,"ENSG00000174502,ENSG00000249535","SLC26A9"
"PA38103",2,"ENSG00000137693","YAP1"
"PA38104",2,"ENSG00000111186","WNT5B"
"PA38109",2,"ENSG00000132256","TRIM5"
"PA38211",2,"ENSG00000129925","TMEM8A"
"PA38295",2,"ENSG00000168065","SLC22A11"
"PA38302",2,"ENSG00000184470","TXNRD2"
"PA38382",2,"ENSG00000221944","TIGD1"
"PA38617",2,"ENSG00000169174","PCSK9"
"PA418",2,"ENSG00000100024","UPB1"
"PA46",2,"ENSG00000012779","ALOX5"
"PA53",2,"ENSG00000110245","APOC3"
"PA56",2,"ENSG00000117560","FASLG"
"PA58",2,"ENSG00000091262","ABCC6"
"PA84",2,"ENSG00000157388","CACNA1D"
"PA88",2,"ENSG00000165995","CACNB2"
"PA102",1,"ENSG00000135446","CDK4"
"PA104",1,"ENSG00000124762","CDKN1A"
"PA105",1,"ENSG00000111276","CDKN1B"
"PA111",1,"ENSG00000181072","CHRM2"
"PA112",1,"ENSG00000133019","CHRM3"
"PA118",1,"ENSG00000136868","SLC31A1"
"PA119",1,"ENSG00000147571","CRH"
"PA127",1,"ENSG00000108242","CYP2C18"
"PA128394592",1,"ENSG00000140320","BAHD1"
"PA128394613",1,"ENSG00000054654","SYNE2"
"PA128394615",1,"ENSG00000121210","TMEM131L"
"PA128394647",1,"ENSG00000071575","TRIB2"
"PA128394692",1,"ENSG00000185046","ANKS1B"
"PA130546913",1,"ENSG00000151062","CACNA2D4"
"PA132",1,"ENSG00000167910","CYP7A1"
"PA133787052",1,"ENSG00000167397","VKORC1"
"PA134732019",1,"ENSG00000139133","ALG10"
"PA134861355",1,"ENSG00000063761","ADCK1"
"PA134861440",1,"ENSG00000100523","DDHD1"
"PA134863701",1,"ENSG00000104635","SLC39A14"
"PA134864098",1,"ENSG00000168785","TSPAN5"
"PA134868995",1,"ENSG00000139865","TTC6"
"PA134870441",1,"ENSG00000112031","MTRF1L"
"PA134870478",1,"ENSG00000197272","IL27"
"PA134871908",1,"ENSG00000146350","TBC1D32"
"PA134873245",1,"ENSG00000006607","FARP2"
"PA134873425",1,"ENSG00000146963","LUC7L2"
"PA134875694",1,"ENSG00000145216","FIP1L1"
"PA134876212",1,"","HCG22"
"PA134879499",1,"ENSG00000100890","KIAA0391"
"PA134884590",1,"ENSG00000144893","MED12L"
"PA134886513",1,"ENSG00000120162","MOB3B"
"PA134887312",1,"ENSG00000219438","FAM19A5"
"PA134889143",1,"ENSG00000151065","DCP1B"
"PA134890486",1,"ENSG00000111581","NUP107"
"PA134891547",1,"ENSG00000197646","PDCD1LG2"
"PA134893289",1,"ENSG00000203734","ECT2L"
"PA134894421",1,"ENSG00000165891","E2F7"
"PA134896392",1,"ENSG00000214435","AS3MT"
"PA134896466",1,"ENSG00000149256","TENM4"
"PA134899373",1,"ENSG00000148655","LRMDA"
"PA134900226",1,"ENSG00000186038","HTR3E"
"PA134902026",1,"ENSG00000184985","SORCS2"
"PA134902361",1,"ENSG00000136237","RAPGEF5"
"PA134902492",1,"ENSG00000163218","PGLYRP4"
"PA134902949",1,"ENSG00000085978","ATG16L1"
"PA134904392",1,"ENSG00000158636","EMSY"
"PA134905581",1,"ENSG00000111912","NCOA7"
"PA134906408",1,"ENSG00000178602","OTOS"
"PA134907818",1,"ENSG00000151413","NUBPL"
"PA134907925",1,"ENSG00000139132","FGD4"
"PA134908392",1,"ENSG00000140474","ULK3"
"PA134910806",1,"ENSG00000103426,ENSG00000262246","CORO7"
"PA134911396",1,"ENSG00000099364","FBXL19"
"PA134912253",1,"ENSG00000070950","RAD18"
"PA134914395",1,"ENSG00000100767","PAPLN"
"PA134914705",1,"ENSG00000169436","COL22A1"
"PA134915530",1,"ENSG00000179133","C10orf67"
"PA134919958",1,"ENSG00000092929","UNC13D"
"PA134920075",1,"ENSG00000164627","KIF6"
"PA134920563",1,"ENSG00000145743","FBXL17"
"PA134924906",1,"ENSG00000154589","LY96"
"PA134925224",1,"","PSMB3P"
"PA134925480",1,"ENSG00000172292","CERS6"
"PA134928556",1,"ENSG00000177565","TBL1XR1"
"PA134928828",1,"ENSG00000206530","CFAP44"
"PA134931098",1,"ENSG00000121440","PDZRN3"
"PA134931578",1,"ENSG00000196715","VKORC1L1"
"PA134933213",1,"ENSG00000161956","SENP3"
"PA134935778",1,"","MALAT1"
"PA134937175",1,"ENSG00000174963","ZIC4"
"PA134940289",1,"ENSG00000099377","HSD3B7"
"PA134941638",1,"ENSG00000213066","FGFR1OP"
"PA134942677",1,"ENSG00000007944","MYLIP"
"PA134942738",1,"ENSG00000204536,ENSG00000206457","CCHCR1"
"PA134944477",1,"ENSG00000144644","GADL1"
"PA134946896",1,"ENSG00000141052","MYOCD"
"PA134951826",1,"","HCP5"
"PA134953776",1,"ENSG00000196782","MAML3"
"PA134955964",1,"ENSG00000143850","PLEKHA6"
"PA134957776",1,"ENSG00000115233","PSMD14"
"PA134959224",1,"ENSG00000174282","ZBTB4"
"PA134960382",1,"ENSG00000134365","CFHR4"
"PA134961151",1,"ENSG00000178694","NSUN3"
"PA134961529",1,"ENSG00000177535","OR2B11"
"PA134962723",1,"ENSG00000197037","ZSCAN25"
"PA134964534",1,"ENSG00000075643","MOCOS"
"PA134968746",1,"ENSG00000151322","NPAS3"
"PA134968998",1,"ENSG00000180875","GREM2"
"PA134970144",1,"ENSG00000048707","VPS13D"
"PA134970652",1,"ENSG00000196357","ZNF565"
"PA134972108",1,"ENSG00000111790","FGFR1OP2"
"PA134972608",1,"ENSG00000152413","HOMER1"
"PA134972842",1,"ENSG00000150455","TIRAP"
"PA134975064",1,"ENSG00000135090","TAOK3"
"PA134976472",1,"ENSG00000164638","SLC29A4"
"PA134976803",1,"ENSG00000180767","CHST13"
"PA134978045",1,"ENSG00000168843","FSTL5"
"PA134979206",1,"ENSG00000177688","SUMO4"
"PA134980028",1,"ENSG00000180777","ANKRD30B"
"PA134980627",1,"ENSG00000009830","POMT2"
"PA134982275",1,"ENSG00000134489","HRH4"
"PA134982480",1,"ENSG00000258289","CHURC1"
"PA134982718",1,"ENSG00000144820","ADGRG7"
"PA134983729",1,"ENSG00000164485","IL22RA2"
"PA134984780",1,"ENSG00000188452","CERKL"
"PA134986024",1,"ENSG00000113356","POLR3G"
"PA134986392",1,"ENSG00000145416","MARCH1"
"PA134987112",1,"","OR10AE3P"
"PA134988974",1,"ENSG00000123815","COQ8B"
"PA134991391",1,"ENSG00000011523","CEP68"
"PA134991964",1,"ENSG00000136891","TEX10"
"PA134992016",1,"ENSG00000168772","CXXC4"
"PA134992438",1,"ENSG00000183049","CAMK1D"
"PA134992686",1,"ENSG00000127337","YEATS4"
"PA134993202",1,"ENSG00000188056","TREML4"
"PA134993567",1,"ENSG00000169375","SIN3A"
"PA134994272",1,"ENSG00000107201","DDX58"
"PA135",1,"ENSG00000135929","CYP27A1"
"PA138",1,"ENSG00000129187","DCTD"
"PA140",1,"ENSG00000132437","DDC"
"PA142670633",1,"ENSG00000103043","VAC14"
"PA142670837",1,"ENSG00000170921","TANC2"
"PA142670838",1,"ENSG00000115183","TANC1"
"PA142670866",1,"ENSG00000160075","SSU72"
"PA142670872",1,"ENSG00000111671","SPSB2"
"PA142670927",1,"ENSG00000189410","SH2D5"
"PA142671181",1,"ENSG00000215021","PHB2"
"PA142671586",1,"ENSG00000134962","KLB"
"PA142671708",1,"ENSG00000023171","GRAMD1B"
"PA142671750",1,"ENSG00000150667","FSIP1"
"PA142671896",1,"ENSG00000162670","BRINP3"
"PA142672073",1,"ENSG00000160741","CRTC2"
"PA142672077",1,"ENSG00000103196","CRISPLD2"
"PA142672117",1,"ENSG00000134216","CHIA"
"PA142672234",1,"ENSG00000212719","C17orf51"
"PA142672353",1,"ENSG00000165084","C8orf34"
"PA142672417",1,"ENSG00000215910","C1orf167"
"PA142672461",1,"ENSG00000055070","SZRD1"
"PA142672519",1,"ENSG00000181873","IBA57"
"PA142672624",1,"ENSG00000153930","ANKFN1"
"PA142672655",1,"ENSG00000097021","ACOT7"
"PA143485405",1,"ENSG00000170291","ELP5"
"PA143485421",1,"ENSG00000123171","CCDC70"
"PA143485429",1,"ENSG00000120647","CCDC77"
"PA144596358",1,"ENSG00000172716","SLFN11"
"PA144596411",1,"ENSG00000157890","MEGF11"
"PA145008751",1,"ENSG00000164306","PRIMPOL"
"PA146",1,"ENSG00000147647","DPYS"
"PA150",1,"ENSG00000168393","DTYMK"
"PA158",1,"ENSG00000117525","F3"
"PA161",1,"ENSG00000131187","F12"
"PA162375534",1,"ENSG00000111058","ACSS3"
"PA162377503",1,"ENSG00000127325","BEST3"
"PA162378956",1,"ENSG00000171695","LKAAEAR1"
"PA162381980",1,"ENSG00000108100","CCNY"
"PA162382340",1,"ENSG00000038532","CLEC16A"
"PA162382539",1,"ENSG00000162368","CMPK1"
"PA162382618",1,"ENSG00000166997","CNPY4"
"PA162382924",1,"ENSG00000160967,ENSG00000257923","CUX1"
"PA162382977",1,"ENSG00000111249","CUX2"
"PA162387378",1,"ENSG00000151327","FAM177A1"
"PA162387456",1,"ENSG00000168754","FAM178B"
"PA162388435",1,"ENSG00000137441","FGFBP2"
"PA162391895",1,"ENSG00000152936","LMNTD1"
"PA162392175",1,"ENSG00000129965","INS-IGF2"
"PA162395821",1,"ENSG00000176624","MEX3C"
"PA162396656",1,"ENSG00000156239","N6AMT1"
"PA162397442",1,"ENSG00000104722","NEFM"
"PA162399305",1,"ENSG00000241973,ENSG00000249793","PI4KA"
"PA162402175",1,"ENSG00000189306","RRP7A"
"PA162402276",1,"ENSG00000182010","RTKN2"
"PA162403775",1,"ENSG00000076351","SLC46A1"
"PA162403847",1,"ENSG00000180638","SLC47A2"
"PA162405634",1,"ENSG00000168769","TET2"
"PA162405810",1,"ENSG00000113119","TMCO6"
"PA162407226",1,"ENSG00000198677","TTC37"
"PA162407840",1,"ENSG00000154127","UBASH3B"
"PA162409715",1,"ENSG00000186660,ENSG00000255073","ZFP91-CNTF"
"PA162409804",1,"ENSG00000108175","ZMIZ1"
"PA162410152",1,"ENSG00000151789","ZNF385D"
"PA162410599",1,"ENSG00000170396","ZNF804A"
"PA164",1,"ENSG00000115641","FHL2"
"PA164715842",1,"ENSG00000169621","APLF"
"PA164715867",1,"ENSG00000186635","ARAP1"
"PA164715938",1,"ENSG00000047365","ARAP2"
"PA164717802",1,"","CDKN2B-AS1"
"PA164718067",1,"ENSG00000109684","CLNK"
"PA164718184",1,"ENSG00000178662","CSRNP3"
"PA164718673",1,"ENSG00000100014","SPECC1L"
"PA164719952",1,"ENSG00000083857","FAT1"
"PA164722584",1,"","MIR2054"
"PA164741600",1,"ENSG00000164418","GRIK2"
"PA164741646",1,"ENSG00000197386","HTT"
"PA164742099",1,"ENSG00000138823","MTTP"
"PA164742200",1,"ENSG00000162631","NTNG1"
"PA165378332",1,"","ADORA2A-AS1"
"PA165429121",1,"ENSG00000215474","SKOR2"
"PA165432629",1,"ENSG00000141564","RPTOR"
"PA165450635",1,"ENSG00000151006","PRSS53"
"PA165543631",1,"ENSG00000160584","SIK3"
"PA165549043",1,"ENSG00000119943","PYROXD2"
"PA165585814",1,"ENSG00000134020","PEBP4"
"PA165617947",1,"ENSG00000117868","ESYT2"
"PA165618433",1,"","ZNRD1-AS1"
"PA165660382",1,"","MIR4278"
"PA165660455",1,"ENSG00000164327","RICTOR"
"PA166048951",1,"","RBFOX1"
"PA166048998",1,"","ARHGEF28"
"PA166176233",1,"","MIR4481"
"PA166176239",1,"","MIR6076"
"PA167",1,"ENSG00000136877","FPGS"
"PA191",1,"ENSG00000174669","SLC29A2"
"PA197",1,"ENSG00000113520","IL4"
"PA201092",1,"ENSG00000170608","FOXA3"
"PA201094",1,"ENSG00000049768","FOXP3"
"PA220",1,"ENSG00000156113","KCNMA1"
"PA221",1,"ENSG00000145936","KCNMB1"
"PA225",1,"ENSG00000113889","KNG1"
"PA239",1,"ENSG00000170430","MGMT"
"PA24345",1,"ENSG00000111144","LTA4H"
"PA24357",1,"ENSG00000175899","A2M"
"PA24372",1,"ENSG00000183044","ABAT"
"PA24378",1,"ENSG00000167972","ABCA3"
"PA24387",1,"ENSG00000004846","ABCB5"
"PA24416",1,"ENSG00000002726","AOC1"
"PA24433",1,"ENSG00000108684","ASIC2"
"PA24468",1,"ENSG00000184009","ACTG1"
"PA24500",1,"ENSG00000170634","ACYP2"
"PA24526",1,"ENSG00000149451","ADAM33"
"PA24560",1,"ENSG00000164742","ADCY1"
"PA24580",1,"ENSG00000148926","ADM"
"PA24583",1,"ENSG00000163485","ADORA1"
"PA24592",1,"ENSG00000129484","PARP2"
"PA24593",1,"ENSG00000041880","PARP3"
"PA24665",1,"ENSG00000170776","AKAP13"
"PA24674",1,"ENSG00000117448","AKR1A1"
"PA24680",1,"ENSG00000198610","AKR1C4"
"PA24681",1,"ENSG00000122787","AKR1D1"
"PA24684",1,"ENSG00000142208","AKT1"
"PA24696",1,"ENSG00000111275","ALDH2"
"PA24800",1,"ENSG00000151150","ANK3"
"PA24825",1,"ENSG00000122359","ANXA11"
"PA24878",1,"ENSG00000164062","APEH"
"PA24880",1,"ENSG00000057663","ATG5"
"PA24892",1,"ENSG00000179750","APOBEC3B"
"PA24920",1,"ENSG00000167580","AQP2"
"PA24928",1,"ENSG00000078061","ARAF"
"PA24957",1,"ENSG00000165322","ARHGAP12"
"PA24967",1,"ENSG00000104728","ARHGEF10"
"PA25005",1,"ENSG00000100299","ARSA"
"PA25018",1,"ENSG00000099889","ARVCF"
"PA25046",1,"ENSG00000126522","ASL"
"PA25052",1,"ENSG00000070669","ASNS"
"PA25056",1,"ENSG00000198363","ASPH"
"PA25105",1,"ENSG00000196296","ATP2A1"
"PA25106",1,"ENSG00000074370","ATP2A3"
"PA25196",1,"ENSG00000168646","AXIN2"
"PA25197",1,"ENSG00000167601","AXL"
"PA25234",1,"ENSG00000156273","BACH1"
"PA25263",1,"ENSG00000204469","PRRC2A"
"PA25264",1,"ENSG00000096155,ENSG00000204463,ENSG00000229524,ENSG00000233348","BAG6"
"PA25267",1,"ENSG00000204371,ENSG00000206376,ENSG00000227333,ENSG00000236759","EHMT2"
"PA25273",1,"ENSG00000123636","BAZ2B"
"PA25281",1,"ENSG00000050820","BCAR1"
"PA25361",1,"ENSG00000101966","XIAP"
"PA25362",1,"ENSG00000089685","BIRC5"
"PA25374",1,"ENSG00000090013","BLVRB"
"PA25382",1,"ENSG00000112175","BMP5"
"PA25428",1,"ENSG00000101489","CELF4"
"PA25454",1,"ENSG00000010671","BTK"
"PA25465",1,"ENSG00000166167","BTRC"
"PA25504",1,"ENSG00000047617","ANO2"
"PA25507",1,"ENSG00000111224","PARP11"
"PA258",1,"ENSG00000164128","NPY1R"
"PA25897",1,"ENSG00000125730","C3"
"PA25909",1,"ENSG00000014824","SLC30A9"
"PA25911",1,"ENSG00000106804","C5"
"PA25938",1,"ENSG00000056972","TRAF3IP2"
"PA25998",1,"ENSG00000107159","CA9"
"PA26011",1,"ENSG00000100346","CACNA1I"
"PA26012",1,"ENSG00000007402","CACNA2D2"
"PA26016",1,"ENSG00000166862","CACNG2"
"PA26017",1,"ENSG00000006116","CACNG3"
"PA26047",1,"ENSG00000128595","CALU"
"PA26050",1,"ENSG00000152495","CAMK4"
"PA26056",1,"ENSG00000042493","CAPG"
"PA26097",1,"ENSG00000036828","CASR"
"PA26099",1,"ENSG00000121691","CAT"
"PA26210",1,"ENSG00000105383","CD33"
"PA26221",1,"ENSG00000026508","CD44"
"PA26233",1,"ENSG00000110848","CD69"
"PA26236",1,"ENSG00000019582","CD74"
"PA26242",1,"ENSG00000066294","CD84"
"PA26270",1,"ENSG00000096401","CDC5L"
"PA26293",1,"ENSG00000170558","CDH2"
"PA26296",1,"ENSG00000107736","CDH23"
"PA26300",1,"ENSG00000179242","CDH4"
"PA26316",1,"ENSG00000136807","CDK9"
"PA26394",1,"ENSG00000143126","CELSR2"
"PA26412",1,"ENSG00000157985","AGAP1"
"PA26425",1,"ENSG00000003402","CFLAR"
"PA26455",1,"ENSG00000111642","CHD4"
"PA26470",1,"ENSG00000134121","CHL1"
"PA26474",1,"ENSG00000106069","CHN2"
"PA26477",1,"ENSG00000111666","CHPT1"
"PA26485",1,"ENSG00000180720","CHRM4"
"PA26487",1,"ENSG00000138435","CHRNA1"
"PA26490",1,"ENSG00000101204","CHRNA4"
"PA26494",1,"ENSG00000170175","CHRNB1"
"PA26495",1,"ENSG00000147432","CHRNB3"
"PA26496",1,"ENSG00000117971","CHRNB4"
"PA26501",1,"ENSG00000175264","CHST1"
"PA26512",1,"ENSG00000162711","NLRP3"
"PA26600",1,"ENSG00000166340","TPP1"
"PA26609",1,"ENSG00000134852","CLOCK"
"PA26681",1,"ENSG00000118432","CNR1"
"PA26683",1,"ENSG00000186660,ENSG00000242689","CNTF"
"PA26688",1,"ENSG00000144619","CNTN4"
"PA26689",1,"ENSG00000149972","CNTN5"
"PA26711",1,"ENSG00000182871","COL18A1"
"PA26736",1,"ENSG00000184374","COLEC10"
"PA26817",1,"ENSG00000158516","CPA2"
"PA26873",1,"ENSG00000145708","CRHBP"
"PA26875",1,"ENSG00000106113","CRHR2"
"PA26953",1,"ENSG00000213923","CSNK1E"
"PA26958",1,"","CSNK2A3"
"PA26971",1,"ENSG00000129170","CSRP3"
"PA26978",1,"ENSG00000170367","CST5"
"PA27009",1,"ENSG00000066032","CTNNA2"
"PA27010",1,"ENSG00000183230","CTNNA3"
"PA27020",1,"ENSG00000171793","CTPS1"
"PA27058",1,"ENSG00000121966","CXCR4"
"PA27109",1,"ENSG00000197446","CYP2F1"
"PA27123",1,"ENSG00000001630","CYP51A1"
"PA27193",1,"ENSG00000175197","DDIT3"
"PA27194",1,"ENSG00000203797","DDO"
"PA27321",1,"ENSG00000172893","DHCR7"
"PA27327",1,"ENSG00000102967","DHODH"
"PA27335",1,"ENSG00000139734","DIAPH3"
"PA27345",1,"ENSG00000107984","DKK1"
"PA27378",1,"ENSG00000198947","DMD"
"PA27380",1,"ENSG00000104936","DMPK"
"PA27445",1,"ENSG00000119772","DNMT3A"
"PA27468",1,"ENSG00000130226","DPP6"
"PA27472",1,"ENSG00000092964","DPYSL2"
"PA27556",1,"ENSG00000136827","TOR1A"
"PA27617",1,"ENSG00000151617","EDNRA"
"PA27619",1,"ENSG00000111752","PHC1"
"PA27681",1,"ENSG00000135373","EHF"
"PA27785",1,"ENSG00000106991","ENG"
"PA27806",1,"ENSG00000163508","EOMES"
"PA27821",1,"ENSG00000145242","EPHA5"
"PA27830",1,"ENSG00000120915","EPHX2"
"PA27849",1,"ENSG00000163161","ERCC3"
"PA27851",1,"ENSG00000134899","ERCC5"
"PA27899",1,"ENSG00000171503","ETFDH"
"PA27941",1,"ENSG00000088926","F11"
"PA27947",1,"ENSG00000164251","F2RL1"
"PA28057",1,"ENSG00000158869","FCER1G"
"PA28070",1,"ENSG00000160339","FCN2"
"PA28131",1,"","FGFR3P1"
"PA28132",1,"ENSG00000127418","FGFRL1"
"PA28189",1,"ENSG00000131781","FMO5"
"PA28207",1,"ENSG00000110195","FOLR1"
"PA28211",1,"ENSG00000110203","FOLR3"
"PA28227",1,"ENSG00000137273","FOXF2"
"PA283",1,"ENSG00000107643","MAPK8"
"PA28360",1,"ENSG00000198793","MTOR"
"PA28440",1,"ENSG00000129245","FXR2"
"PA28458",1,"ENSG00000104290","FZD3"
"PA28489",1,"ENSG00000022355","GABRA1"
"PA28490",1,"ENSG00000151834","GABRA2"
"PA28495",1,"ENSG00000163288","GABRB1"
"PA285",1,"ENSG00000168229","PTGDR"
"PA28502",1,"ENSG00000182256","GABRG3"
"PA28504",1,"ENSG00000147402","GABRQ"
"PA28508",1,"ENSG00000136750","GAD2"
"PA28535",1,"ENSG00000141012","GALNS"
"PA28537",1,"ENSG00000143641","GALNT2"
"PA28545",1,"ENSG00000166573","GALR1"
"PA28591",1,"ENSG00000177628","GBA"
"PA28612",1,"ENSG00000001084","GCLC"
"PA28644",1,"ENSG00000168621","GDNF"
"PA28654",1,"ENSG00000168546","GFRA2"
"PA28677",1,"ENSG00000121853","GHSR"
"PA28682",1,"ENSG00000010310","GIPR"
"PA287",1,"ENSG00000125384","PTGER2"
"PA28707",1,"ENSG00000102393","GLA"
"PA28766",1,"ENSG00000120063","GNA13"
"PA28824",1,"ENSG00000088053","GP6"
"PA28880",1,"ENSG00000178623","GPR35"
"PA28894",1,"ENSG00000139292","LGR5"
"PA28971",1,"ENSG00000152208","GRID2"
"PA28973",1,"ENSG00000171189","GRIK1"
"PA28975",1,"ENSG00000163873","GRIK3"
"PA28978",1,"ENSG00000176884","GRIN1"
"PA28979",1,"ENSG00000183454","GRIN2A"
"PA28983",1,"ENSG00000198785","GRIN3A"
"PA28996",1,"ENSG00000196277","GRM7"
"PA290",1,"ENSG00000122420","PTGFR"
"PA29026",1,"ENSG00000168765","GSTM4"
"PA29031",1,"ENSG00000100577","GSTZ1"
"PA29091",1,"","H19"
"PA291",1,"ENSG00000160013","PTGIR"
"PA29196",1,"ENSG00000103044","HAS3"
"PA29229",1,"ENSG00000068024","HDAC4"
"PA29261",1,"ENSG00000000971","CFH"
"PA29286",1,"ENSG00000169567","HINT1"
"PA29427",1,"ENSG00000165704","HPRT1"
"PA29458",1,"ENSG00000101180","HRH3"
"PA29476",1,"ENSG00000117594","HSD11B1"
"PA29486",1,"ENSG00000203857","HSD3B1"
"PA29498",1,"ENSG00000204388,ENSG00000204389,ENSG00000212866,ENSG00000224501,ENSG00000231555,ENSG00000232804,ENSG00000234475,ENSG00000235941,ENSG00000237724","HSPA1A"
"PA29500",1,"ENSG00000204390,ENSG00000234258","HSPA1L"
"PA29504",1,"ENSG00000044574","HSPA5"
"PA29524",1,"ENSG00000096384","HSP90AB1"
"PA29556",1,"ENSG00000149305","HTR3B"
"PA29560",1,"ENSG00000158748","HTR6"
"PA29564",1,"ENSG00000136273","HUS1"
"PA29670",1,"ENSG00000142166","IFNAR1"
"PA29674",1,"ENSG00000111537","IFNG"
"PA29675",1,"ENSG00000027697","IFNGR1"
"PA29676",1,"ENSG00000159128","IFNGR2"
"PA29698",1,"ENSG00000140443","IGF1R"
"PA29699",1,"ENSG00000167244","IGF2"
"PA29700",1,"","IGF2-AS"
"PA29701",1,"ENSG00000197081","IGF2R"
"PA29709",1,"ENSG00000163453","IGFBP7"
"PA29793",1,"ENSG00000172349","IL16"
"PA29800",1,"ENSG00000112116","IL17F"
"PA29807",1,"ENSG00000115008","IL1A"
"PA29824",1,"ENSG00000110944","IL23A"
"PA29828",1,"ENSG00000134460","IL2RA"
"PA29837",1,"ENSG00000134352","IL6ST"
"PA29856",1,"ENSG00000132323","ILKAP"
"PA29869",1,"ENSG00000131203","IDO1"
"PA29966",1,"ENSG00000162267","ITIH3"
"PA29968",1,"ENSG00000113263","ITK"
"PA29977",1,"ENSG00000086544","ITPKC"
"PA29989",1,"ENSG00000096968","JAK2"
"PA300",1,"ENSG00000198626","RYR2"
"PA30041",1,"ENSG00000182132","KCNIP1"
"PA30070",1,"ENSG00000105642","KCNN1"
"PA30074",1,"ENSG00000075043","KCNQ2"
"PA30075",1,"ENSG00000184156","KCNQ3"
"PA30076",1,"ENSG00000117013","KCNQ4"
"PA30095",1,"ENSG00000138030","KHK"
"PA30115",1,"ENSG00000215764","KIR2DL2"
"PA30119",1,"ENSG00000243772","KIR2DS2"
"PA30121",1,"ENSG00000221957","KIR2DS4"
"PA30278",1,"ENSG00000196878","LAMB3"
"PA30307",1,"ENSG00000182866","LCK"
"PA30361",1,"ENSG00000187416","LHFPL3"
"PA30365",1,"ENSG00000106689","LHX2"
"PA30383",1,"ENSG00000105609","LILRB5"
"PA304",1,"ENSG00000183873","SCN5A"
"PA30451",1,"ENSG00000168702","LRP1B"
"PA30475",1,"ENSG00000204487,ENSG00000206437,ENSG00000223448,ENSG00000227507,ENSG00000231314,ENSG00000236237,ENSG00000236925,ENSG00000238114","LTB"
"PA30498",1,"ENSG00000249529,ENSG00000250967,ENSG00000254087","LYN"
"PA30535",1,"ENSG00000204103","MAFB"
"PA30540",1,"ENSG00000198517","MAFK"
"PA30570",1,"ENSG00000111885","MAN1A1"
"PA30572",1,"ENSG00000177239","MAN1B1"
"PA30584",1,"ENSG00000169032","MAP2K1"
"PA30587",1,"ENSG00000126934","MAP2K2"
"PA30601",1,"ENSG00000197442","MAP3K5"
"PA30617",1,"ENSG00000109339","MAPK10"
"PA30618",1,"ENSG00000185386","MAPK11"
"PA30619",1,"ENSG00000188130","MAPK12"
"PA30620",1,"ENSG00000156711","MAPK13"
"PA30621",1,"ENSG00000112062","MAPK14"
"PA30622",1,"ENSG00000102882","MAPK3"
"PA30623",1,"ENSG00000141639","MAPK4"
"PA30624",1,"ENSG00000069956","MAPK6"
"PA30625",1,"ENSG00000166484","MAPK7"
"PA30630",1,"ENSG00000050748","MAPK9"
"PA30673",1,"ENSG00000198211,ENSG00000258839","MC1R"
"PA30701",1,"ENSG00000147316","MCPH1"
"PA30718",1,"ENSG00000135679","MDM2"
"PA30725",1,"ENSG00000151376","ME3"
"PA30766",1,"ENSG00000037897","METTL1"
"PA30811",1,"ENSG00000183214,ENSG00000204520,ENSG00000231225,ENSG00000233051","MICA"
"PA30856",1,"ENSG00000096395","MLN"
"PA30864",1,"ENSG00000196549","MME"
"PA30867",1,"ENSG00000196611","MMP1"
"PA30868",1,"ENSG00000166670","MMP10"
"PA30979",1,"ENSG00000136522","MRPL47"
"PA31109",1,"ENSG00000149534","MS4A2"
"PA31134",1,"ENSG00000113318","MSH3"
"PA31331",1,"ENSG00000110921","MVK"
"PA31353",1,"ENSG00000136997","MYC"
"PA31359",1,"ENSG00000134323","MYCN"
"PA31361",1,"ENSG00000172936","MYD88"
"PA31404",1,"ENSG00000174527","MYO1H"
"PA31427",1,"ENSG00000186487","MYT1L"
"PA31459",1,"ENSG00000149294","NCAM1"
"PA31470",1,"ENSG00000084676","NCOA1"
"PA31472",1,"ENSG00000124151","NCOA3"
"PA31533",1,"ENSG00000069869","NEDD4"
"PA31552",1,"ENSG00000165973","NELL1"
"PA31564",1,"ENSG00000162992","NEUROD1"
"PA31591",1,"ENSG00000147862","NFIB"
"PA31646",1,"ENSG00000163623","NKX6-1"
"PA31647",1,"ENSG00000169760","NLGN1"
"PA31686",1,"ENSG00000204301,ENSG00000234876","NOTCH4"
"PA317",1,"ENSG00000100652","SLC10A1"
"PA31709",1,"ENSG00000161270","NPHS1"
"PA31742",1,"ENSG00000164129","NPY5R"
"PA31784",1,"ENSG00000118257","NRP2"
"PA31819",1,"ENSG00000140538","NTRK3"
"PA31820",1,"ENSG00000133636","NTS"
"PA31830",1,"ENSG00000106268","NUDT1"
"PA31844",1,"ENSG00000137497","NUMA1"
"PA31852",1,"ENSG00000093000","NUP50"
"PA31896",1,"ENSG00000122126","OCRL"
"PA31910",1,"ENSG00000105953","OGDH"
"PA31930",1,"ENSG00000183715","OPCML"
"PA32",1,"ENSG00000143799","PARP1"
"PA320",1,"ENSG00000074803","SLC12A1"
"PA32403",1,"ENSG00000176787","OR52E2"
"PA32415",1,"","OR52J2P"
"PA32416",1,"ENSG00000205495","OR52J3"
"PA325",1,"ENSG00000165646","SLC18A2"
"PA32818",1,"ENSG00000228278","ORM2"
"PA32821",1,"ENSG00000172057","ORMDL3"
"PA32837",1,"ENSG00000145623","OSMR"
"PA32857",1,"ENSG00000101405","OXT"
"PA32897",1,"ENSG00000100266","PACSIN2"
"PA32903",1,"ENSG00000159339","PADI4"
"PA33099",1,"ENSG00000161217","PCYT1A"
"PA33101",1,"ENSG00000185813","PCYT2"
"PA33130",1,"ENSG00000113448","PDE4D"
"PA33153",1,"ENSG00000185615","PDIA2"
"PA33154",1,"ENSG00000152256","PDK1"
"PA332",1,"ENSG00000197208","SLC22A4"
"PA33234",1,"ENSG00000102144","PGK1"
"PA33287",1,"ENSG00000073921","PICALM"
"PA33343",1,"ENSG00000118762","PKD2"
"PA33352",1,"ENSG00000143627","PKLR"
"PA33367",1,"ENSG00000184381","PLA2G6"
"PA33373",1,"ENSG00000116183","PAPPA2"
"PA33379",1,"ENSG00000118495","PLAGL1"
"PA33389",1,"ENSG00000161714","PLCD3"
"PA33409",1,"ENSG00000166819","PLIN1"
"PA335",1,"ENSG00000072310","SREBF1"
"PA33523",1,"ENSG00000112941","TENT4A"
"PA33530",1,"ENSG00000105854","PON2"
"PA33603",1,"ENSG00000100614","PPM1A"
"PA33700",1,"ENSG00000121335","PRB2"
"PA33705",1,"ENSG00000137509","PRCP"
"PA33725",1,"ENSG00000123131","PRDX4"
"PA33732",1,"ENSG00000180644","PRF1"
"PA33746",1,"ENSG00000111725","PRKAB1"
"PA33751",1,"ENSG00000181929","PRKAG1"
"PA33752",1,"ENSG00000106617","PRKAG2"
"PA33753",1,"ENSG00000115592","PRKAG3"
"PA33760",1,"ENSG00000100151","PICK1"
"PA33800",1,"ENSG00000101000","PROCR"
"PA33812",1,"ENSG00000117707","PROX1"
"PA33814",1,"ENSG00000105618","PRPF31"
"PA33878",1,"ENSG00000041357","PSMA4"
"PA33928",1,"ENSG00000146733","PSPH"
"PA33948",1,"ENSG00000148344","PTGES"
"PA340",1,"ENSG00000109193","SULT1E1"
"PA34006",1,"ENSG00000198053","SIRPA"
"PA34022",1,"ENSG00000155093","PTPRN2"
"PA34033",1,"ENSG00000164611","PTTG1"
"PA34045",1,"ENSG00000185129","PURA"
"PA34053",1,"","PVT1"
"PA34117",1,"ENSG00000069974","RAB27A"
"PA34180",1,"ENSG00000002016","RAD52"
"PA34231",1,"ENSG00000113643","RARS"
"PA34276",1,"ENSG00000144642","RBMS3"
"PA343",1,"ENSG00000196502","SULT1A1"
"PA34368",1,"ENSG00000091844","RGS17"
"PA34370",1,"ENSG00000171700","RGS19"
"PA34630",1,"ENSG00000069667","RORA"
"PA34862",1,"ENSG00000133818","RRAS2"
"PA34884",1,"ENSG00000159216","RUNX1"
"PA34897",1,"ENSG00000198838","RYR3"
"PA349",1,"ENSG00000059377","TBXAS1"
"PA34921",1,"ENSG00000173432","SAA1"
"PA34925",1,"ENSG00000211456","SACM1L"
"PA34994",1,"ENSG00000161055","SCGB3A1"
"PA35010",1,"ENSG00000169432","SCN9A"
"PA35020",1,"ENSG00000196136","SERPINA3"
"PA35021",1,"ENSG00000168394,ENSG00000206297,ENSG00000224212,ENSG00000226173,ENSG00000227816,ENSG00000230705,ENSG00000232367","TAP1"
"PA35061",1,"ENSG00000239457,ENSG00000241106,ENSG00000241386,ENSG00000241910,ENSG00000243612","HLA-DOB"
"PA35062",1,"ENSG00000168384,ENSG00000206291,ENSG00000224103,ENSG00000228163,ENSG00000229685,ENSG00000231389,ENSG00000235844,ENSG00000236177","HLA-DPA1"
"PA35065",1,"","HLA-DPB2"
"PA352",1,"ENSG00000167900","TK1"
"PA35543",1,"ENSG00000172156","CCL11"
"PA35570",1,"ENSG00000156234","CXCL13"
"PA35573",1,"ENSG00000163735","CXCL5"
"PA35647",1,"ENSG00000075223","SEMA3C"
"PA35695",1,"ENSG00000120057","SFRP5"
"PA35728",1,"ENSG00000183918","SH2D1A"
"PA35762",1,"ENSG00000073849","ST6GAL1"
"PA35817",1,"ENSG00000170190","SLC16A5"
"PA35819",1,"ENSG00000118596","SLC16A7"
"PA35822",1,"ENSG00000124564","SLC17A3"
"PA35828",1,"ENSG00000079215","SLC1A3"
"PA35829",1,"ENSG00000115902","SLC1A4"
"PA35837",1,"ENSG00000176463","SLCO3A1"
"PA35840",1,"ENSG00000174640","SLCO2A1"
"PA35854",1,"ENSG00000140090","SLC24A4"
"PA35875",1,"ENSG00000117394","SLC2A1"
"PA35876",1,"ENSG00000163581","SLC2A2"
"PA35908",1,"ENSG00000111181","SLC6A12"
"PA35911",1,"ENSG00000165970","SLC6A5"
"PA35916",1,"ENSG00000196517","SLC6A9"
"PA35923",1,"ENSG00000103257","SLC7A5"
"PA35980",1,"ENSG00000132639","SNAP25"
"PA360",1,"ENSG00000156096","UGT2B4"
"PA36023",1,"ENSG00000134243","SORT1"
"PA36099",1,"ENSG00000136158","SPRY2"
"PA36101",1,"ENSG00000163554","SPTA1"
"PA36167",1,"ENSG00000100380","ST13"
"PA36229",1,"ENSG00000135604","STX11"
"PA36242",1,"ENSG00000076944","STXBP2"
"PA36296",1,"ENSG00000164458","TBXT"
"PA36330",1,"ENSG00000136560","TANK"
"PA36331",1,"ENSG00000206208,ENSG00000231925","TAPBP"
"PA36384",1,"ENSG00000137310","TCF19"
"PA36441",1,"ENSG00000120156","TEK"
"PA36447",1,"ENSG00000164362","TERT"
"PA36457",1,"ENSG00000091513","TF"
"PA36486",1,"ENSG00000163513","TGFBR2"
"PA36487",1,"ENSG00000069702","TGFBR3"
"PA36507",1,"ENSG00000126351","THRA"
"PA36508",1,"ENSG00000151090","THRB"
"PA36568",1,"ENSG00000144339","TMEFF2"
"PA36597",1,"ENSG00000104689","TNFRSF10A"
"PA36609",1,"ENSG00000067182","TNFRSF1A"
"PA36616",1,"ENSG00000120949","TNFRSF8"
"PA36626",1,"ENSG00000102245","CD40LG"
"PA36672",1,"ENSG00000077097","TOP2B"
"PA368",1,"ENSG00000136936","XPA"
"PA36941",1,"ENSG00000186439","TRDN"
"PA37034",1,"ENSG00000165699","TSC1"
"PA37069",1,"ENSG00000118271","TTR"
"PA37093",1,"ENSG00000198431","TXNRD1"
"PA37097",1,"ENSG00000092445","TYRO3"
"PA37184",1,"ENSG00000173610","UGT2A1"
"PA37186",1,"ENSG00000109181","UGT2B10"
"PA37189",1,"ENSG00000197888","UGT2B17"
"PA37199",1,"ENSG00000169344","UMOD"
"PA37248",1,"ENSG00000162402","USP24"
"PA37276",1,"ENSG00000125753","VASP"
"PA37329",1,"ENSG00000196689,ENSG00000262304","TRPV1"
"PA37391",1,"ENSG00000182093","WRB"
"PA37398",1,"ENSG00000186153","WWOX"
"PA37400",1,"ENSG00000100219","XBP1"
"PA37418",1,"ENSG00000082898","XPO1"
"PA37423",1,"ENSG00000152422","XRCC4"
"PA37469",1,"ENSG00000197020","ZNF100"
"PA37506",1,"ENSG00000213762","ZNF134"
"PA37582",1,"ENSG00000121417","ZNF211"
"PA37589",1,"ENSG00000182463","TSHZ2"
"PA37661",1,"ENSG00000236104,ENSG00000237056","ZBTB22"
"PA37750",1,"ENSG00000161405","IKZF3"
"PA37856",1,"ENSG00000204482,ENSG00000206433,ENSG00000223465,ENSG00000226182,ENSG00000230791,ENSG00000231048,ENSG00000234514,ENSG00000235915","LST1"
"PA37877",1,"ENSG00000167720","SRR"
"PA37962",1,"ENSG00000133710","SPINK5"
"PA37972",1,"ENSG00000185420","SMYD3"
"PA37991",1,"ENSG00000221955","SLC12A8"
"PA380",1,"ENSG00000196557","CACNA1H"
"PA38008",1,"ENSG00000196664","TLR7"
"PA38010",1,"ENSG00000239732","TLR9"
"PA38015",1,"ENSG00000102595","UGGT2"
"PA381",1,"ENSG00000006283","CACNA1G"
"PA38102",1,"ENSG00000149742","SLC22A9"
"PA38124",1,"ENSG00000185274","GALNT17"
"PA38145",1,"ENSG00000165209","STRBP"
"PA38213",1,"ENSG00000111962","UST"
"PA38220",1,"ENSG00000079841","RIMS1"
"PA38243",1,"ENSG00000198648","STK39"
"PA38265",1,"ENSG00000177427","MIEF2"
"PA38291",1,"ENSG00000156076","WIF1"
"PA38294",1,"ENSG00000145375","SPATA5"
"PA38335",1,"ENSG00000153786","ZDHHC7"
"PA38345",1,"ENSG00000099365","STX1B"
"PA38377",1,"ENSG00000048052","HDAC9"
"PA38397",1,"ENSG00000135917","SLC19A3"
"PA38436",1,"ENSG00000074054","CLASP1"
"PA38444",1,"ENSG00000165078","CPA6"
"PA38472",1,"ENSG00000119509","INVS"
"PA38479",1,"ENSG00000119121","TRPM6"
"PA38568",1,"ENSG00000005483","KMT2E"
"PA38693",1,"ENSG00000126259","KIRREL2"
"PA38718",1,"ENSG00000143315","PIGM"
"PA38726",1,"ENSG00000162687","KCNT2"
"PA38793",1,"ENSG00000163517","HDAC11"
"PA38818",1,"ENSG00000170293","CMTM8"
"PA421",1,"ENSG00000042088","TDP1"
"PA434",1,"ENSG00000102524","TNFSF13B"
"PA437",1,"ENSG00000153283","CD96"
"PA45",1,"ENSG00000108839","ALOX12"
"PA47",1,"ENSG00000132965","ALOX5AP"
"PA48",1,"ENSG00000161905","ALOX15"
"PA60",1,"ENSG00000141480","ARRB2"
"PA62",1,"ENSG00000163399","ATP1A1"
"PA71",1,"ENSG00000174437","ATP2A2"
"PA79",1,"ENSG00000100739","BDKRB1"
"PA86",1,"ENSG00000153956","CACNA2D1"
"PA87",1,"ENSG00000067191","CACNB1"
"PA89",1,"ENSG00000167535","CACNB3"
"PA94",1,"ENSG00000145386","CCNA2"
"PA97",1,"ENSG00000073060","SCARB1"
"PA99",1,"ENSG00000170312","CDK1"
